-- phpMyAdmin SQL Dump
-- version 4.7.0
-- https://www.phpmyadmin.net/
--
-- Host: 127.0.0.1
-- Generation Time: Dec 12, 2017 at 08:42 AM
-- Server version: 10.1.26-MariaDB
-- PHP Version: 7.1.8

SET SQL_MODE = "NO_AUTO_VALUE_ON_ZERO";
SET AUTOCOMMIT = 0;
START TRANSACTION;
SET time_zone = "+00:00";


/*!40101 SET @OLD_CHARACTER_SET_CLIENT=@@CHARACTER_SET_CLIENT */;
/*!40101 SET @OLD_CHARACTER_SET_RESULTS=@@CHARACTER_SET_RESULTS */;
/*!40101 SET @OLD_COLLATION_CONNECTION=@@COLLATION_CONNECTION */;
/*!40101 SET NAMES utf8mb4 */;

--
-- Database: `eboss`
--

-- --------------------------------------------------------

--
-- Table structure for table `member`
--

CREATE TABLE `member` (
  `id` int(11) NOT NULL,
  `project_id` int(11) NOT NULL,
  `user_id` int(11) NOT NULL,
  `title` int(11) NOT NULL
) ENGINE=InnoDB DEFAULT CHARSET=latin1;

--
-- Dumping data for table `member`
--

INSERT INTO `member` (`id`, `project_id`, `user_id`, `title`) VALUES
(1, 1, 1, 2),
(2, 1, 4, 3),
(3, 1, 3, 3),
(4, 1, 2, 1),
(5, 2, 4, 2),
(6, 2, 2, 3),
(7, 2, 1, 3),
(8, 3, 3, 2),
(9, 3, 2, 3),
(10, 3, 6, 3);

-- --------------------------------------------------------

--
-- Table structure for table `project`
--

CREATE TABLE `project` (
  `id` int(11) NOT NULL,
  `project_name` varchar(199) NOT NULL,
  `start_date` date NOT NULL,
  `deadline` date NOT NULL DEFAULT '0000-00-00',
  `project_type` text NOT NULL,
  `summary` text NOT NULL,
  `progress` double NOT NULL
) ENGINE=InnoDB DEFAULT CHARSET=latin1;

--
-- Dumping data for table `project`
--

INSERT INTO `project` (`id`, `project_name`, `start_date`, `deadline`, `project_type`, `summary`, `progress`) VALUES
(1, 'Android Task Manager', '2017-12-05', '2017-12-20', 'Android Application', 'Simple task management app', 70),
(2, 'Employee Management System', '2017-12-05', '2017-12-27', '.NET Application', 'Manage all employees', 100),
(3, 'IQ Tester', '2017-12-05', '2017-12-28', 'Java Application', 'Test your IQ', 0);

-- --------------------------------------------------------

--
-- Table structure for table `task`
--

CREATE TABLE `task` (
  `id` int(11) NOT NULL,
  `title` varchar(50) NOT NULL,
  `category` varchar(50) NOT NULL,
  `start_date` timestamp NOT NULL DEFAULT CURRENT_TIMESTAMP ON UPDATE CURRENT_TIMESTAMP,
  `deadline` timestamp NOT NULL DEFAULT '0000-00-00 00:00:00',
  `description` varchar(50) NOT NULL,
  `review` tinyint(1) NOT NULL
) ENGINE=InnoDB DEFAULT CHARSET=latin1;

-- --------------------------------------------------------

--
-- Table structure for table `user`
--

CREATE TABLE `user` (
  `id` int(11) NOT NULL,
  `name` varchar(50) NOT NULL,
  `image` mediumblob NOT NULL,
  `image_name` varchar(200) NOT NULL,
  `title` varchar(50) NOT NULL,
  `emp_id` varchar(50) NOT NULL,
  `department` varchar(50) NOT NULL,
  `salary` int(11) NOT NULL,
  `rating` double NOT NULL,
  `birth_date` date NOT NULL,
  `user` varchar(50) NOT NULL,
  `password` varchar(100) NOT NULL
) ENGINE=InnoDB DEFAULT CHARSET=latin1;

--
-- Dumping data for table `user`
--

INSERT INTO `user` (`id`, `name`, `image`, `image_name`, `title`, `emp_id`, `department`, `salary`, `rating`, `birth_date`, `user`, `password`) VALUES
(1, 'Tanveer Hoque', '', '', 'Web Developer', 'SFT-001', 'Software', 20000, 4.5, '1995-08-17', 'tanveer', 'tanveer'),
(2, 'Omayer Khan', '', '', 'Data Analyst', 'SFT-002', 'Software', 25000, 4.7, '1995-07-21', 'omayer', 'omayer'),
(3, 'Sagar Basak', '', '', 'Web Designer', 'SFT-003', 'Design', 20000, 4.8, '1994-02-17', 'sagar', 'sagar'),
(4, 'Johora Akter Polin', '', '', 'Software Developer', 'SFT-004', 'Software', 20000, 4.6, '1995-12-18', 'polin', 'polin'),
(5, 'Shafiur Rahman Uchchash', '', '', 'Web Designer & Developer', 'SFT-005', 'Software', 20000, 3.9, '1995-10-01', 'shafiur', 'shafiur'),
(6, 'Abdullah Wasif', '', '', 'Software Developer', 'SFT-006', 'Software', 20000, 3.8, '1998-03-02', 'wasif', 'wasif'),
(7, 'Abdullah Afnan', '', '', 'Sr. Designer', 'SFT-007', 'Design', 25000, 2.1, '1995-12-07', 'afnan', 'afnan'),
(8, 'Rashidul Habib', '', '', 'Jr. Java Developer', 'SFT-008', 'Software', 20000, 4.2, '1993-12-13', 'rashidul', 'rashidul'),
(9, 'Nipul Kumar Muni', '', '', 'Problem Solver', 'SFT-009', 'Software', 40000, 4.5, '1995-01-17', 'nipul', 'nipul'),
(10, 'asdf', 0x2f396a2f34414151536b5a4a5267414241674141415141424141442f37514345554768766447397a6147397749444d754d414134516b6c4e42415141414141414147636341696741596b5a43545551774d5441774d4746684e6a417a4d4441774d4441334d4759774d4441774d6d55784e4441774d44417a4f4445314d4441774d44566d4d5459774d4441774e3259785a4441774d4441774d5449334d4441774d4449304d6d59774d4441774d6d4d7a4d4441774d4441314d544d784d4441774d47497a4e4449774d44417741502f694168784a51304e6655464a50526b6c4d5251414241514141416778735932317a416841414147317564484a535230496757466c6149416663414145414751414441436b414f57466a633342425546424d4141414141414141414141414141414141414141414141414141414141414141414144323167414241414141414e4d7462474e7463774141414141414141414141414141414141414141414141414141414141414141414141414141414141414141414141414141414141414141414141414141436d526c63324d414141443841414141586d4e77636e5141414146634141414143336430634851414141466f4141414146474a7263485141414146384141414146484a5957566f4141414751414141414647645957566f414141476b4141414146474a5957566f41414147344141414146484a55556b4d414141484d4141414151476455556b4d414141484d4141414151474a55556b4d414141484d414141415147526c63324d41414141414141414141324d794141414141414141414141414141414141414141414141414141414141414141414141414141414141414141414141414141414141414141414141414141414141414141414141414141414141414141414141414141414141414141414141414141414141414141414141414148526c6548514141414141526b49414146685a5769414141414141414144323167414241414141414e4d7457466c61494141414141414141414d57414141444d7741414171525957566f6741414141414141416236494141446a31414141446b46685a5769414141414141414142696d5141417434554141426a6157466c6149414141414141414143536741414150684141417473396a64584a32414141414141414141426f414141444c41636b44597757534347734c3968412f465645624e4348784b5a41794744755352675652643133746133423642596d786d6e797361623939303850704d502f2f2f3973415177414a426763494277594a4341674943676f4a437734584477344e44513463464255524679496549794d68486941674a536f314c53556e4d6967674943342f4c7a49334f54773850435174516b5a424f6b59314f7a77352f3973415177454b43676f4f44413462447738624f5359674a6a6b354f546b354f546b354f546b354f546b354f546b354f546b354f546b354f546b354f546b354f546b354f546b354f546b354f546b354f546b354f546b354f546b352f3849414551674477414c5141774169414145524151495241662f454142734141514541417745424151414141414141414141414141414241674d47424155482f385141474145424151454241514141414141414141414141414141414145444167542f7841415941514542415145424141414141414141414141414141414141514d4342502f61414177444141414245514952414141423767414141414141414141414141414141414141414141414141414141414141414141414141414141414141414141414141414141414141414141414141414141414141414141414141414141414141414141414141414141414141414141414141414141414141414141414141414141414141414141414141414141414141414141414141414141414141414141414141414141414141414141414141414141414141414141414141414141414141414141414141414141414141414141414141414141414141414141414141414141414141414141414141414141414141414141414141414141414141414141414141414141414141414141414141414141414141414141414141414141414141414141414141414141414141414141414141414141414141414141414141414141414141414141414141414141414141414141414141414141414141414141414141414141414141414141414141414141414141414141414141414141414141414141414141414141414141414141414141414141414141414141414141414141414141414141414141414141414141414141414141414141414141414141414141414141414141414141414141414141414141414141414141414141414141414141414141414141414141414141414141414141414141414141414141414141414141414141414141414141414141414141414141414141414141414141414141414141414141414141414141414141414141414141414141414141414141414141414141414141414141414141414141414141414141414141414141414141414141414141414141414141414141414141414141414141414141414141414141414141414141414141414141414141414141414141414141414141414141414141414141414141414141414141414141414141414141414141414141414141414141414141414141414141414141414141414141414141414141414141414141414141414141414141414141414141414141414141414141414141414141414141414141414141414141414141414141414141414141414141414141414141414141414141414141414141414141414141414141414141414141414141414141414141414141414141414141414141414141414141414141414141414141414141414141414141414141414141414141414141414141414141414141414141414141414141414141414141414141414141414141414141414141414141414141414141414141414141414141414141414141414141414141414141414141414141414141414141414141414141414141414141414141414141414141414141414141414141414141414141414141414141414141414141414141414141414141414141414141414141414141414141414141414141414141414141414141414141414141414141414141414141414141414141414141414141414141414141414141414141414141414141414141414141414141414141414141414141414141414141414141414141414141414141414141414141414141414141414141414141414141414141414141414141414141414141414141414141414141414141414141414141414141414141414141414141414141414141414141414141414141414141414141414141414141414141414142387a3450664859754f746e594f5048594f514858755248584f5370316a6b78316a6b366457355564553559645335616e554f587030376d4230376d4b644d356f644b356f644b35716e534f627030626e4230626e596447357a4b756863384f68632f4536467a31586f4850302b2b353864412b415076766744373734492b382b4350765067302b362b4550757668492b3631374d2b77554141414141414141414434334c645479336f7775765a723734325932426a6d737a786c6e7278396e6c35756e43346454646e717a534a6c57574f4f517a777a4d6337694a4d79706d544c4459526a557878796937734d735236504a36553839467a793162544450415a624e5730305a6f5a7269575a5178796c477a44497731626344505a7232474d6d4d62634c68587275764d364c6271322b4c31416f41414141414141414148787557366e6c76526862486647574e31316c6e35397073756a615a59346a4b3668757931327a4a727a4d38764836444f345644476d6557724d6d3354544a6854624d5337476e636b4e5a746178744d463261396d43624d494d6b7758647232617a4b79463261786e68743169595a6a66356478687338323032364e2b7379322b66306c7348523764573378656f46414141414141414141412b4e792f556376364d466c3734476d743752443058534e3831553274537a5a6e70794e327643473236386a4e6a7254664d73444f363662644e78505471322b633359775a59345539466c4c415547554259436b6f5546754e4b6c5659466c41466c4a515744704e75726234765543674141414141414141416647356239436163666e7a3942586e382f76667134463377344b64384f4464344f4564324f46643054686e636a686e636a683875324845753248464f3148464f31484633737878627442786c37496362657848484f784848757748494f7648494f7648494f764849757548493372527954725279627242796b3677636f36736371366f6371366f6371366f63726570476e635936676f414141414141414141414141414141414141414141414141414141414141414141414141414141414141414141414141414141414141414141414141414141414141414141414141414141414141414141414141414141414141414141414141414141414141414141414141414141414141414141414141414141414141414141414141414141414141414141414141414141414141414141414141414141414141414141414141414141414141414141414141414141414141414141414141414141414141414141414141414141414141414141414141414141414141414141414141414141414141414141414141414141414141414141414141414141414141414141414141414141414141414141414141414141414141414141414141414141414141414141414141414141414141414141414141414141414141414141414141414141414141414141414141414141414141414141414141414141414141414141414141414141414141414141414141414141414141414141414141414141414141414141414141414141414141414141414141414141414141414141414141414141414141414141414141414141414141414141414141414141414141414141414141414141414141414141414141414141414141414141414141414141414141414141414141414141414141414141414141414141414141414141414141414141414141414141414141414141414141414141414141414141414141414141414141414141414141414141414141414141414141414141414141414141414141414141414141414141414141414141414141414141414141414141414141414141414141414141414141414141414141414141414141414141414141414141414141414141414141414141414141414141414141414141414141414141414141414141414141414141414141414141414141414141414141414141414141414141414141414141414141414141414141414141414141414141414141414141414141414141414141414141414141414141414141414141414141414141414141414141414141414141414141414141414141414141414141414141414141414141414141414141414141427854766a74584632757a63614f7963634f786365547348494636397949363579524f74636c5472484a3036747969757263714f7163725471584c553668793436687a4136647a4136647a464f6d637a5470584e5536527a5936527a67364e7a67364e7a744f6863384f6863384f686642774f686335546f6e4f6a6f6e4f6a6f6e4f6a6f6e4f3036467a314f67632b4f67632f54373734412b2b2b44543772345650755068302b322b4b5074506a44374c34772b792b5439626a6f4f6567507a664c4636634d324e724b34327a4a4b5a4a556f4b6c71334849575771684d6b475355715557555551466f4b436779536c696b7146495a575570526c4b6a444c456b4155416f55556852524b5373674c4b55464d685a5251554d2f752f432b373539677831412f4e726a66546a6b78706c63625a6c63625a6c63615a494d726a5574787062465779324c4b564b5546515a57425a53736155464262426b67704332555a5935467978795151754e784d624262425369574b73714d736174696f46573430746d5353714d706b436967555a2f632b48397a7a62686c71422b5a33472b6a4c4e4c56754e544c4c465a6c63625a6b6c4c594d726a557478745a494d6b4a62465a494d6b705570554753444a43554c557053696f4c4d6b747779584b34457952566c6b5168534753444b537141797846734a626a53324b79754f53584b5a6b79556c55416f4d2f742f462b313574777931412f4d626a643838726a6179797779764e7374573432383558476d53444b34314c594d72686c56754e4b6c737478706b677975496f5333476c7346754e4d726a56747871574975567747786a55747870626a61754b46616b6255475567795175556c52594c64475274754b73726a557a79787a544c4b5a4b4251575746435a2f622b4a39767a62686c7342387439516e7a483031664d6654487a58306838313949664e76305238353945664f7630423839394166506651487a3330423448764867653865423778344c37683458754a3458754c3458754a34623752346e7448696530654a3752346e744c3433734a343373486a6577654f6530654b2b77654e3742343373486978393438623244787659504a6a375234637659504939593874394938313941383730447a7651504f39413837304452764a5155414141414141414141414141414141414141414141414141414141414141414141414141414141414141414141414141414141414141414141414141414141414141414141414141414141414141414141414141414141414141414141414141414141414141414141414141414141414141414141414141414141414141414141414141414141414141414141414141414141414141414141414141414141414141414141414141414141414141414141414141442f2f454143345141414545416749414241554541674d41414141414141454141674d5545524945457945694d30414645434179594255775156416a4e4a437777502f61414167424141414242514c2f414d61357a3558785258655172764956336b4b377946643543753868584f51726e49567964584a31636e567964584a31636e567564573531626e567564573531626e56756457356c616d56715a577031616d56715a57706c5a6d566d5a57706c616d56715a575a6c5a6d566d5a575a6c5a6c566d5a575a6c5a6c56695a574a56596c566956574a56596c566956574a56596c566956574a56596c566956574a56596c58664b724571373556337972766c58664b752b56574a5633797068797a322f7741553944355a4f67527a767467376f4f573478433130782f6e5946422f6b32436163707273677641594844485931646a5535776130794e4332433341446e65514f547337626a44585a4458374c627a4e666b53503841385265337445674b3750442b597046473532444941673437463272392f50327431593764626c79375736794f49697a6f37624b4279356a6955782b36374d4f44764553466477792b5852536b4e595a6350376645535a416d38506c463666742f696e6f66494e4f6f4243494f2b6977554151677735344c78444d37316d736331706a4a6271646d44564e61576f4e777a72386f424b3832376d355951647848344668633137584f576e6d786c346a4f6f79474e62716450506f514f76796870443273774f724c66484f6e686f563135614734635745707365483962634e4243444d4552345432624d637a59687543786d7162487149776e5268784466463065784d414b36796e73336a6648736d4e4a6349384f36664b4d355558702b332b4b65683947516d4f32477a566b4c49434467567546324d546e74446335646b42624e51654d624e5263413373614673413774616e53617533626c727735626e597541585933446e707a7730376a5a727735504a417957764c77476d514e5265416d6e4a334361647049334f4b6334427a4865496b425859307035316276356d79744c692f443353594777456b57634356714d7264585349536a5270794f35754f7871694a63653034375736744963506c463658742f696e6f665267373648584755476c484f7a57756157687a413046305a61386a42374842325767677332617645493564472f5a79477763304f43773442725377737947366b747737634e63304f6153484e4a574367306850477741793751366e59794f59554d3563774f4f4d4f597774456a643171557870617570754a4273433179593074543439793968636a475339673154474669365471316a676d526d4e6b624e42584f726f79357a57754236797573354867506c463658742f696e6f6652344c4957517368667a6b5a3261466c71326167566b465a4778634e646871584e44675156733068687957764777634343357255434e6e53447279484a306a514334414f64673774795a4736663045587065332b4b66362f3065505a6f6346755776615334487a7361577037535537624961637444684a47306736753231663150446e4967396d766d367a714d37344b5a347663306c2b6a6e4f4c5a44454d39765734746b443349683251777461396a6e44784a392f463658742f696e2b762b786766334d5870663841613233755372334a56376b4b39794664354375386858655172764956336b4b377946633543756368584f51726e49567a6b4b354f726b36755471354f726b36747a71334f726336747a71334f726336747a71314f72637974544b314d72557974544b314d72557974544b314d725579737a4b7a4d724d79737a4b7a4d724d79737a4b7a4b724d717379717a4b724579737971784d72457150496c566d5a575a6c5a6c566d56574a6c5a6d566d56575a6c5a6c566956574a56596c566956574a56596c566956574a56596c56695664387137355633794c766c586649752b5264386937354633534c756b5864496d79764c76786c6e332f6a4d66332f6a4d66332f4149797a372f786d50372f786c6e332f41496550326d66662f646c7743322f6237476f50616659732b2f3666302f6972395034712f542b4b71484756446a4b68786c5134796f635a55654d71504756486a4b6a786c5234366f386455754f715848564c6a716c7831533436706364552b4f716648564f42552b4f71634370774b6e4171634370774b7041716b4371514b7041716b4371514b7041716b4371514b724371734b717771724371734b717771724371734b717771724371734b725171744371304b72516f3857456f6357414b744371734b717771724371734b7177716e4171304b725171724371304b7252493857456f6353414b744371305372784b764575694e644561365931307872706a585447756d4e644d61365931307872706a516959442f79582f77442f7841416a45514144414149424241454641414141414141414141414141524d52456749444d44465149454242634a43672f396f41434145434551452f416634776e7977626f6f69694b496f69694b496f69694b496f69694b496f69694b496f69694b496f69694b6f6f69694b496f69694b496f69694b496f75377a382f483766574c75632f506f56334f666e304b376e4c686b6d544a6b795a4d6b534a456952496b534a456952496b534a456952496b534a456952496b532f5a7073626f3352756a6447364e30626f3352524645555252464555525246455552524645555252464555525246455552524645555252464555525246455552524645555252464555527835626574365872656c363370655057394c7838634744434d49776a434d49776a434d49776a434d49776a434e55616f3152716a434d49776a5647714d49776a5647714d49776a434e55616f3152716a5647714e55616f31526a4834332f41502f4541434d5241414d4241414546414145464141414141414141414141424578495241674d774d564151494542776b4b442f3267414941514552415438422f77415953364779544a4d6b79624a4d6b79544a4d6b79544a4d6b79544a4d6b79544a4d6b79544a4d6b79544a4d6b79544a4d6b79544a4d6b79544a50793976312b6e6c382f7648354f33362b432f4a322f587758354f6e7234525571564b6c53785973574c4669785973574c4669785973574c4669785973574c46697859742f5a704e6b32535a4e6b6d535a4a6b6d535a4a6b6d535a4a6b6d535a4a6b6d535a4a6b6d535a4a6b6d535a4a6b6d535a4a6b6d535a4a6b6d535a4a6b6d535a4a6b6d535a4a6b6d535a31644f666d393733383376652f6d393733383376652f7a796373355a797a6c6d6d615a706d6d615a706d6d615a706d6d615a706d6d615a706d6d615a706d6d615a706d6d615a706d6d615a706d6d615a706d6d615a706d6d615a706d6d63382f7741622f77442f78414134454141424177514241774d4242675146425145414141414241414952456945796f5445694d3046525958454445424e4159484b4249454a516b534d77556f4b6959704377736344422f396f41434145414141592f417638413431774f59594e53376d6775356f4c756143376d6775356f4c756143376d6775356f4c7561437a30466e6f4c50515765677339425a36437a3073394c50537a3073394c50537a3073394c50537a3073394c50537a3073394c50537a3073394c50537a3073394c50537a3073394c50537a3073394c5053793073744c4c537a3073744c4c537a3073744c4a5a6157576c6c705a6157576c6c705a6157576c6c705a6157576c6b736c6c704e4a3950784466316661302b535952396a43614a46305137776854354d4b356d38634b562f6833744b493867775662335453365a693650737543675935344371556e774c6c667643346362547771764376493962634c7a357569534478562b7964445854544b416a774578676b565464446e6951665654424879765352562b794c59756d794f57314a78624f4d2f436f393451365463456a396b32523146732f5936733858487545612b5439536e34584635496a34547854464d4c36674d78554c2b6b7169444e34393456554743327047334268665364536275497042355533346c4f6333305648566378645761364c77354d796833302b45774145687a4b76644e6763696668506b644c524d2b714c5349634c7776716447426a6c6654664a44656f45653675777a456b65697176466a5a45467073366b6c594f41716f6e33545962643036544f6e716332667462386669472f712b316e7131654f5a4b4239455461715a545461786c446a4f745653326238715875745448432b7134475135395370724650776f6d30414256534a2b45666d66684e4d34797151694a366565504b447168563857546f50386b537141593430693850707135736e4e714e426e70394663337070546a564654615857514a50436137774a73674b7351514c6353673266454964584461565554775a345136754248374974724d466f427369513877626b65715943635a3267777673505a5839557971394a4a5236376c3966486c45567a4a4a4d7455687869414939552f72696f67386569446738324a5048716e742f316e2b79753876507155337278645542434566556343504b4c4a67464631526b7765505257635935684d36734253457948486f48393035314e4a655a68476f6d37615346553531546f69665a4f4e524577596a797570306953596a3151503372716f69665549736d41552f72794950436656496239355645636f476f774845776730764a4145634a306d336a37472f483468763676347664636f2b313164432f4b48754a584b4a3946452f736f397051567a4d6c417a34565868636d79706d2f432f6d754a34567a3030565743416e6c57524d6d6b4f7034586e4b6e6a7967626e34432b70794130433849677a626b2b41716238303865566166564e6a4a787043416d515a55782f4c5546634f734a345235736e434968314b484f56483770725a4935384c36424a7a615a51486e6c55756e4d69554c47346c7675687a64745342704a6b684f6136542f6955672b46412f623354676541325a54756b31434c4655333568584d6d6f684e73387a78626c4238456769553972617167325a6979717641614a4b34492b5553617243726a776e57634b5973516e677a5a3858545851344437796b6a3155332b504b446877667462386669472f712f68715452364172712f77424e4b624a3851553177384a70744d6b6f63644c43436d63446f674a3030336141717243392f6453497869366278614f457a6a704a5039303173675132506c52784b2b7063645a42526774695a39307a6a7059576f51526851756b694c636936676e796e334633564256456a4f744174654a754f50432b6f41374d4158396b385430504d6b6556794f3539346e4545535168346779454366484143676b5955634a346b54393353536e42726f426a5366657864556e4739782f592b71595163415238723656783041684334456633433548637234544a64623666432f33542b336f75594d796a314337773952583044675264473969326c4f71634b694934526458657165467a50565576706451364a50484d6f4e71454145636571643141314e446545513177676a305248715a6765455239344c747078546958584d655052506358416c312b465a77376c664371446748564677736f6d666637572f48346876367634592b7a6b4c6b4b46457135434e785a5a4266376f48757246557a644f70494a415249634c4b4a7568666d7950554c4a2f6f434952615431565145495050437556544e30357a446349306d627769655976776a2f414e504b44516231427055536e4f6d615250384151576648346876367634516165484a7a666d6c572b6e424d4977323069465552302f6553674332343872366e547932416a4465513049533368354e305852596c656a6652544671703556464c624e6850675a4e6145347732433671665250384151384435574c4152483770376a4855515552614439537555393754306b322f2f41464577306877382b4663694a503841366855395045434539332b6f6850466d314469664b2b7046505742705230783935576930426e6d4435523437596169544839415a386669472f712f795a6766316c6e782f355737756143376d6775356f4c756143376d6775356f4c756143376d6775356f4c756143376d6775356f4c756143376d677339425a36437a30466e6f4c505157656c6e705a3657656c6e705a3657656c6e705a3657656c6e705a3657656c6e705a3657656c6e705a3657656c6e705a3657656c6e705a3657656c6e705a3657656c6c705a6157656c6c705a6157576c6e705a3657656c6e705a3657656c6e705a6157656c6e705a3657576c6c705a6157576c6c705a6157576c6c705a615753795753795753795753795753795753416e7a2b576d2f50356162382f6c70767a2b576d2f50356162382f6c70767a2b576d2f503841584f5669372b332b5a5a772f41742b663475312f794b37582f497274374b3765797533737274374b3765797533737274374b3765797533737274374b3765797533737274374b3765797533737274374b3765797533737274374b773256687372445a574779734e6c59624b77325668737244617732734e7244617732734e7244617732734e7244617732734e7244617732734e7244617732734e7244617732734e7244617832734e72446173785937574731687459625747316a7372445a5747316a7459375747316a74585a4b7732566a745937574f316a745972486178574b78574b7858433458433455782f77427a442f2f45414330514151414341514d43426749434177414441514141414145414553457851664252305241674d4746786f594778514a4842346646516b4c44412f396f41434145414141452f496638413861356337716158696d6333616e4632707764716348616e423270776471636e616e4a326f63312f69636661387a6d4f5a7a6c4535524f4554684534524f45546a4535784f63546c45783969432f365a784363776e4d4a784363516e414a794363416e494a794363776e414a774363516e494a7a6963346e4f4a7a4363346e4f4a794363346e4f4534524f55546c4535524f45546d4534524f55546c4535524f55546c436341546c45624b46432f79507266302b4931414b54704774585735465167466254704445346b624e786c5575765856704b5264743176365177693071474d34676f462f6f6e547053756a4d77746f687244587643454d465661584533566b32316a452f77524b5a546a752f557847496362596d564843305974326e754e6d44667247717a6f505a4c5974773039343751624648633075653154384f4e596d4272456d58716a3453566d5652316d555575562b535047444b505967566d4b366d6b356348483274444b5663436853784637785649304950384156385a6d434c596443623651337871307545575468637a6d4549484d4e39784d4d714b6f3753734276576f67477a4e76776675576f75782f5362742f7358524c516f447439356c68493946472f77435a6d6874546855785071526d712b626859454e79345576492f7548614343756f6a705458376873496c6a366a6d7255693130734758496c44322f555249336231586a376c707941726c4b566e4a712b4652474c487962744a63394f4c5669574c4c436147666d6537676137476e7a4b4159755a7446312f6332546e71646435516243736c4336514772497a544557684d4546333254557469332b757330613850702f77435239622b6e784947464c396d6459576f556a574366334675564d5a61593268665963734e4c6979764356454d6c4e4d497a465066376a5a326c416f674b4b6a597052413930787251513756466c5456335744387a3951476e776c66473644477a4c4a4d6f69765668514e6342716f544461572f6d327161445a744856326d6d6868623068627242536a70306470527465557a6233365230583437573357496758555a666b6d51564b316a4f43712b4971774b644455594262723972483468515a47592b4b694a7936665773334d686b554b794e7176704147613754716f744d58564e576e784c676943477157676f43593168546d6b46755a58547042745664323030396f4849786a48584e4d78472b42646e52464e345946713144573673585267626a6d69336a57795a4c4a52543557774c4f43785448566a397a4a4f55775658346d4f4b6c52316266624775754951624c64564176414b76566971456d43463467756a614c2f694c6a6476673679697555445171375374645a41324975444b6c76377868325851562f54376d75456f42564a71526e6f624b68707562534639442f637a51414336754a6b6c6d3239756b32665264666e38584277756d706939536446534550395450334a4575702f715850702f3548317636664c6b4338774274444c48784d43317872385372566f743853686537326d41573266695870477967317442437a535870744c466152716f6745774e686c66646c69327568573047514e344842316841326b436a366d4c49464a527361797a6d74643146564e694273302b5a6d4379706a66636d693273444b3067416f736a627a456b433656526858534a4a647271596d52674f6d376a466b636a52686a74434c304131676854514462584f6b77496d4148396b4e4244727548355453394b6f7569516b725452304864696a49744c4b5243346f4b644e314a697251757255645a64577855614f756a506d596d3848305a366870373441676b72654457397a4b68687131534c6b57754161476b61393170736f78743954453874673236314377436a4833434b4855466650574662794d4868595551477a6264765a42416f4e39555a3141707859585756534e473959747a456e635764374d63555a6633527242336c4d4371445838773642704c6778597968646c6a4d585768377a4e5947476e33377a4777426f35573368526b4b48496230714a62656f6167714c3179784e6f377973567661574b436178536243783866712f3548317636664b5542696e4f64534372416f7266574351674b7745747178506c6d304c7a6c3170616842454843305a6a47395a4f7538307742306538774f4a7450526c396f6a5a446f36564d69354a2f4c654c626e5661314461425853747336776c7178553531756b4c3855417a7441726f2f47564168597332627472676f48376777445779392f4f30337a6132464659674f52524e6e7645566c766e543459446339597a30716f6353524c7755332f5a426d56314263567351564c423976366a6c6677333147515a726f77743677514461373170496c4477516d43395761346a46576a336a455842517872744d41546e4a61514131476b4b7950764c5a324b76592f625343487179485676415337614e626975684e4c57613954356a69756f533672326a4e424230357a6a4d306c755078527377464171586b597066744230322f555843724636707373734c57324b364e695148484735536762754e6b594375654e76694d6d785a614b316d4b4a6136304d6b3169572b52373753732f575156426a79434e792b763568615667426a3433444a78564a717a64775a6f4655304f686a4d30465651616a653457456438726561597555366b4343585831506a39582f4143507266302b57375a46394a6f4e6d645065565a66374950565a7665574669587055746f466b5559574e466c3169696c2b306f70514c315a66643046716f4830432b304b514f56424c59686d726a7053432b677373597862416f71664d484767742b4970373649366b554e41794373482b596d59476e794e5977566e2b4a702f6d6e3953676d6b636d3131427977506b6c6b6d6e516f6d716d476e533433546847432f6555765a462b613167784b686764663854667634486b504833336d6e6a666b32394168357671663548315036664c5236672b795459314832797874525957394e5a756a476d4374344a7641556c6152615a362f45516f464e6f5535567347304a576f6a61384a44546b6364445a496d73775974644e376530554e4852554571744f7374747451743562667257454563426e704b31656b546e3849617831765952544253614c49336937394a614f576f47366f716446596b2f6d716c456c7556307432514243412b312b3432694d70484e4f67533537745757744a2f55794a41635539434f426854574d727632306d6e3350743059746776557254376c536d5941303533313661774373337239787557553061634e353339592f6866552f722b5239542b6e30516d67505830375a6550432f4a387935637632386239532f5650512b702f582f774257376c37553565314f5074546a37553575314f6274546d3755354f314f447454673755354f314f5474546b3755354f314f5874546a3755342b314f507365444f45546c4535524f4554684534524f45537a2f564f5554694535784f59546d45502b644f59546d4534684f5954674535424f59522f354535424f51512f354535424f5954694534784f4d546b453478442f6854684532663054674534424f4954694535424f4152703755502b424f49546d4535784f63546e4535784f63546c453452442f685467453541682f796b35776e49455038416d4a78424f494a77424f594a7a424f594939735547682f4f5053726631547933487776786651505350512b752f6e486e50347a36592b6a3865462b47336e2b6b2f7744436e6f486d5049654f305a763652365a4b68666d716653656b66793738353642346b755834506c504c74506a79612b5538435a76305072504d532f575034397935666c50432f5069612b54662b42555953764e394a2f435052763162384c3870346e686668666b665330386d664d516d6e706655655938312b55384e2f5376794872333461773862384e5a6d5869584c38487943656752616c2b42435a656c395a3569486a6667667737384431547875584268356d4c46366275775a68666f64574e664c376552635250577733616d50662b5a6e47493677384178444550532b7338334a334a7764796350656e5033707a3936632f656e4833707739366376656e4c3370793936636e656e4633707864366333656e4e33707964366348656e423370776436636e656e4c33707a39366376656e5033707839796366656e48335042334f70797163716e4b707771634b6e4170774b63436e4d707a4b63796e4d707a4b63796e4d707a4b63536e4170774b63696e49707971636967794f44376f625168374c4f5654675534464f4254675558333876656366656e49707971634b6e497078714230594f717a514b5331757633546a5535314f46546d5763536e497335466e497335466e497335566e4b7335566e4b7347444d39332f77426d482f2f6141417744414141424551495241414151383838383838383838383838383838383838383838383838383838383838383838383838383838383838383838383838383838383838383838383838383838383838383838383838383838383838383838383838383838383838383838383838383838383838383838383838383838383838383838383838383838383838383838383838383838383838383838383838383838383838383838383838383838383838383838383838383838383838383838383838383838383838383838383838383838383838383838383838383838383838383838383838383838383838383838383838383838383838383838383838383838383838383838383838383838383838383838383838383838383838383838383838383838383838383838383838383838383838383838383838383838383838383838383838383838383838383838383838383838383838383838383838383838383838383838383838383838383838383838383838383838383838383838383838383838383838383838383838383838383838383838383838383838383838383838383838383838383838383838383838383838383838383838383838383838383838383838383838383838383838383838383838383838383838383838383838383838383838383838383838383838383838383838383838383838383838383838383838383838383838383838383838383838383838383838383838383838383838383838383838383838383838383838383838383838383838383838383838383838383838383838383838383838383838383838383838383838383838383838383838383838383838383838383838383838383838383838383838383838383838383838383838383838383838383838383838383838383838383838383838383838383838383838383838383838383838383838383838383838383838383838383838383838383838383838383838383838383838383838383838383838383838383838383838383838383838383838383838383838383838383838383838383838383838383838383838383838383838383838383838383838383838383838383838383838383838383838383838383838383838383838383838383838383838383838383838383838383838383838383838383838383838383838383838383838383838383838383838383838383838383838383838383838383838383838383838383838383838383838383838383838383838383838383838383838383838383838383838383838383838383838383838383838383838383838383838383838383838383838383838383838383838383838383838383838383838383838383838383838383838383838383838383838383838383838383838383838383838383838383838383838383838383838383838383838383838383838383838383838383838383838383838383838383838383838383838383838383838383838383838383838383838383838383838383838383838383838383838383838383838383838383838383838383838383838383838383838383838383838383838383838383838383838383838383838383838383838383838383838383838383838383838383838383838383838383838383838383838383838383838383838383838383838383838383838383838523539313137392b32323636792b324b79367932347731343463513830383430797838383838383838383838383950544f4a42556a5a643068383841627143626d5361654743753248787066502f414e2f50505050505050505050505233534155687161626c373737362b697a31346736396c506d7573373451666f6c2f50505050505050505050496133625775726178387233756b34312f366a3778357a31397a796f7173716f726c2f50505050505050505050454d6f484843416e3376716a6a33722f6f6a6e337a37336a37332f33337a2f3737376650505050505050505050505050505050505050505050505050505050505050505050505050505050505050505050505050505050505050505050505050505050505050505050505050505050505050505050505050505050505050505050505050505050505050505050505050505050505050505050505050505050505050505050505050505050505050505050505050505050505050505050505050505050505050505050505050505050505050505050505050505050505050505050505050505050505050505050505050505050505050505050505050505050505050505050505050505050505050505050505050505050505050505050505050505050505050505050505050505050505050505050505050505050505050505050505050505050505050505050505050505050505050505050505050505050505050505050505050505050505050505050505050505050505050505050505050505050505050505050505050505050505050505050505050505050505050505050505050505050505050505050505050505050505050505050505050505050505050505050505050505050505050505050505050505050505050505050505050505050505050505050505050505050505050505050505050505050505050505050505050505050505050505050505050505050505050505050505050505050505050505050505050505050505050505050505050505050505050505050505050505050505050505050505050505050505050505050505050505050505050505050505050505050505050505050505050505050505050505050505050505050505050505050505050505050505050505050505050505050505050505050505050505050505050505050505050505050505050505050505050505050505050505050505050505050505050505050505050505050505050505050505050505050505050505050505050505050505050505050505050505050505050505050505050505050505050505050505050505050505050505050505050505050505050505050505050505050505050505050505050505050505050505050505050505050505050505050505050505050505050505050505050422b634d4e647468322b2f63654d644d4f4f4e666463644d4d664e4f634d50664f4e504e504f4f4e4d4e4f50504a33713077302f4b71445841697473396c686c716b70706b6c7532676b77316d757331425a52554f4a5961505041586e2f526d6933707361486b766f716e76747467706f756f397a373779326f77676b4c41635132525558765046456e78762b70692b466839526d75766b7030766c70757a6a31417a3168796772673530487271757a4256765045664b634e61317173694b6d656c687379776a7976706a6777724862386c776d3977695177306c6f4645642f504d796653554944726972766a6b736f6e3073372f414e2b3949392f2b383838392f77442f41503841644d2b382b2f38412f5838383838383838383838383838383838383838383838383838383838383838383838383838383838383838383838383838383838383838383838383838383838383838383838383838383838383838383838383838383838383838383838383838383838383838383838383838383838383838383838383838383838383838383838383838383838383838383838383838383838383838383838383838383838383838383838383838383838383838383838383838382f3851414a424541415151434167494441414d4141414141414141414141455259584551494345784d454242554646776b4b442f3267414941514952415438512f77415953616d5836474143712f3841762f662f414f71525838326d56524f587a71343434347545303478786f68337430543170634a7367336754626f6e72532b73683054794f586375584c6c79356373574c6c79355975574c6c79355973574c4669785973574c46697859735745526b2f737a62395556565141414142784142565a6661434f4d727376714c68745634792b4645796a6864476362794c3455506e5057477968336f34342b6569374c68526654585057363861634434374d734c686372316f7775696961506c63706c4d506c65454863545678664c4c494d677a384766684552455245524552455245524552455245516b4241516b524552454241524552415145524552454241516b4a43516b4a43516949364a2f472f38412f3851414a424541417741434167494341674d4241414141414141414141467845474552494345784d454251555546776b4b442f3267414941514552415438512f77434d4a627975367573534a50484d6d544a6b7966582f414a6b795a4d6d54372f3841373866523078312f474f4f694868664973506b386e6e50743944575639423835664a35456554794c48742b4e2f623550446345456b6b6b6e4c39454545454545454545454545454545454545454545454545454544664c2f414e4f54645a6b794a4d6d544a6b795a4d6d544a6b795a4d6d544a6b795a4d6d544a6b795a504850484d6d544a6b787263504b596d4c6f6d6335583444306445636936724b2b2f364d70394630575639685a35486e305a54457a6b5477756977766d58777243483139476558374e68754e78754e68734e68734e70744e724e724e724e724e724e724e724e724e724e724e724e724e724e724e724e724e724e724e724e724e724e724e724e724e374e374e374e374e374e724e724733732f36332f3851414c4241424141494241774d45417745414177414441514141415141524954464238464668635243426f64475273634567514f4878554a437777502f6141416742414141425078442f41506a584b4b434e706178575236455051694172395949414539416f454943617630446a682b6963503154754f486163503154427a66454878782b304f4c2f6b4f622f6b377a6e326862782f453450726e4639633576726e54342f453450726d71767a3754526d2b462f6b79627a6e744f543635792f584f48363463482f49643038396f35756e723963612b6634687850386e63632b30377274663152366a6a326e46394d4b63384869496f4b48383378422b583954762b48616376307766646a4431752b4a792f5242643344744b6e5042346d51773464706876716f72366f6e6a5870774a6f3848346e4639454f492f6b773848784f73772f4635784f4836494f3458354b2b49622f42346e4a394535766f6d4c692b4a772f564f5436493246734f71682f79635a72444d332b4a474671572b78634e4158574e4671385179354659536c2f32584f4b6558784f73526f61437339646e58744b63636949653131694455514b4f6f5631437061486d615173494f714771596949704858566a71586b664a426c6a654c694761374744774964696c5176543568776f416142544f5965676448494c4c494e7151466c626d4b4f614969794f6770354a543047706851413934494e57445279713239594e79556f6847666a4f31385638525252646e4b4c483867516b3045325943374878736b4155612b78727a7a37624d4a686e724a61702b544556554b676c51307232552f45464b616a71684674375736374d51725a466c366d2f65497762693073744f395837707075314b6d6f4138527448466b5247724b636538415732445a56376a485a4c344451516d5339395a5954685075384f7179394949626a614a425134363675797a4b316977474d48545279777a55456d4c73474c3165787441344a646e7a7033675851336349725479414f755357696145714677727571396530317a4b3167734c625871325562786a774d584c5663394e69764d536c655853496f396d6a336d34464e674b31416643395a3073556959494b4f71784b324541304b376a564a715137414c43714646574251393471707348646f6d4953414c4f45467939726859776f6974434736476939357449464f57356a64574e58716b627750324643772b78666570577945573051726f666661616954746e51354f392f71577142644632754233775258435a354b334b31707842343575684162546743375851493252584541416f56684b347a4241674969464233585130696e446d77454933625a7a43307444674e3631707632694b6b56544631466c37752b6d535659454b4b436254374d42746e4279446146645465756b537a56543731346c546e65682f79745930594c54535953544a334d6e7a4f6f6a584f726f48366942713169363466555941566b3664464f6d625a617a474b63685648334c796432374e37516549474d356e38346d4f79636970564d426968666d5a494830564b347a314b67454171512b54327545615a5156754654597559394f744d756c5a6f5349314d705670624f59346e4f6b67636a337846487765384e74746538302b4568314f6e5a54534c6d774a5531464c77326c4a3554633631464e6767365261446f42643059393649544962764b345871574e596c684467536a614f7047703167543371363159564856414949454b4347726f4c78517379386c756f797733713170754f4b6846614c546e6245596376505146655359455551345754467731316c4a77454746467158724d304767304656757475714b734d2f6876446f565776655668756f72756a4f5659657041514269575a5633734c566b7777504e4774752b6c57774553384f67705632364165704e51314739463644577679334235786571336177626730792b6f414357744e46354e4a57635041476b3058684b73593359464634624f72665472764d7945667353427654426d446549694f4c5531464b4d39385266743232794b463967666c454c544645673041616564346c4f676b5562576d372f414f69435643535a516c35576961544e734f6a42682b61497167496859364e6444476d6b30595a49706d33765a57757373476b4d5539532b33784c6b48344c4e59756d634545702b6d74713038726131764363536f544449485a474e514c326f4b315471354d7a733377436b4676556f3030694f5373705273474848557253425370322b7a6468737339305044734269566d585736694f354f5767616871374677426437516778567463467030715670774e5172324f72712b493272454e4f4c73767149597547384b30694655385a7630633730502b566a4d53345a68696f545231746a6d77797452535335556f41326e5a586e78336a574f5267366930663145684b4e415776326941437461357431487442646b72717159563934764b36457970756459714771746c6f74444b59624e675157644172614a4b5545736c44574f536275494e483572356861554937614f65366942487434525271547556336c6939414d6c332f374b5249677562706c70635258457946535377367765693056746f6d6e746a38514e426d69587066554b6951464257415765366d316278334d32376a42716a754a62326a6349626b7a444e366c302f4d746a76717134586a7953677168615768736d774f50457657366c706a54384b2f4d537a4b766f31567278723033497768584e444759387637414c73574271457833753737533149464e6f743774423779314d4b7453326169525155586857795a3934536f354c79663947344152466c6c3475706f6a4859517a4671415635326d6b7a58644978416b7744596d464f794541424e594d6f644d65304268417269725254793352744657524c4b354a625453332f63536f524a744438745a42314962594c577131566445634a356a6c4c623666327a586d70566c696f6d514c7464792f346278676176487672555a514a386c6d734771596f377869614f415544356262784d5030356c4137744e59333368633656314967466544356973386b6c6e516a4f4779387747576f676e556d3962586737736269325271725175324e35327377524370765a7a3067314e434e69686f6d6a584a4d754e475353696c3964756e655a46676f656c7136756b4d5556526943686a56317a33675077726445682b527066534e424b66725333324b4b79584b47483542593373356c35365a764539357776512f356d4571454a454f3446314e6d56464a55574f6d42784c53616a722b4b67774f75476e6b653151427a666b43565937564e492f78693756302b596d3645647170585438784455486c617479336f533549614e69707a35714a316f47557177756f64396f686136346c4757695633744f694b6c476a6658574f38465356374732317838454a30426532444c6d554557786f416e3045766f364a636a613962676f6d6a36647a5948557a486f3357584f3537544f726c436c577950444265766e4b775a4f694139726c727847745a4c2b637975695578516956754f6b45314b754265772b356369594a792f32532f616f37696d51676f4c66494c4c6d4a59716c57624b61613652646c69454379565876684f514c6461397a53367846496d6c4d746a32793345597070784857335178326d4f454f3541597058726b677746754e46566e674e78415659767749573945507a4c5742594a4254346150744856527750435073696a782f5331417966494e5255446f786566326c416f4464334253757a4d493352705972623838734637585a56364674476878557853717872566273646d33387a547038344351653054535a39784b6875337147397162636b366e49573175395964784a726d726e6c4d52555153634d6a47367653617048634277726e486162786c5a47703074645635686d5359674d6d50613338515a6173644b30715634462b417747797167364c673635316a6856676c705465774d6a7242596c6c4d594b7235706e564e683634336c6c2b566537586664484f4f38496e505652536876536739355173617a6774644c65397a4f534253744244637755346a6177735172636362526f5a6334586f6638746945327a437a712b374d4b6851644b34705552345936584c636a6251796250356a7268636a7139494d496177367967506773576a41534d4d4b4262534256456979693938396955657142586f6237367853575a52615a2f5551304d57616254413758724d344531717072337274425845685a7847767948566c51784e42706e592f47594b6b6c4b636a55396f5171445a734332756d6d434130496945627a6663302f4d5146374331465a2f5358477749764f67547439547a414e31525174364336655968697a517246693048644b6c77642f7673577a746c7a326e6b5a6f42716a4435507a415062555a6d61617336744c7044446c6c6e646542784e4e413075437947786f507a4d42424b6151427572756d7667684c6867584f675339637459366a4a576147643461365a367a4454615a76566e547470326869436b547846775645326f717057657076764b7751304b6770316c65336948375842785676707070674d347855664b756e53613333316872732f325739572b75374676584a306e7a7448496e57613635387a445144775442786a46596c596a6e586474377938323565753833394f4236482f4143594a36583644486a64524d444442694a79476c4f546653725a58515a43614b38756e744549473149517432337538544f494b5657376f74316f647530554e5057636d3738727a4537454a69306372307753737749725978744f2b4d4d5330786746414c39356138565767742f36447043644e516d7a5a3969596f416c45484a68625a75324e77426a3142575079645a73774b344638334539734b4e342b4761694b59643162342b4b796434427a4770344574654454696f53306966316731336736785146787241376d4d734c41516d305a5961574764726745495a56626f50302f734f703134433278776d664d524152594963687652527031596c6c4469494b4e2b38775a4c574b69674a74793274677479454c44744474336730684951434b7032624d654277305555444449314f2b6b787451317432474e474a494343366d7834324a346c2b6d4f6b3168696179356375564b2f7747442f6a7636506f617a5362533639626e4139482f4d686e6f506f52436774304b626d6b75446a30462b626c394d516671574a57323362784c36644b7869586d57566d57666463756f4c533276314c76592f45757237367a557258624f62693331655a67656463617a44592f453042536a61735166664e354c75586747304e4f30706547764531365a656b304953366c79795971584c6c3336766630475836584358426d563948304f73322f786375357750522f384a69596c53705571564b6c544571564b6c53705571564b6c53705571564b6c53705571564b6c53705571564b6c53705571564b6c53705571564b6c53705571562f3841714b6e2b4e4146424f6c494e4b51656743422f72424443434141684236386357635031536e6a2f554f622f6b3576726e4e39633576726a54782f453175503841454e4a546e306876636669483566504565622f6b352f726950482b6f6a586a3854467a2f41424d48503854467a2f454c4f663467765038417144382f3668772f386d7a342f454c7548346e4a394d52772f71467a772f694e664438532f50443751337238656b646d7648704b754839544279664556792f716366305166422b4a7966544f54365a7a66544850772f69446275666150412f79614e792b49673466695a6548346e62634f3035666f68796e386e4c3945453550314d6e4a385158672f557a386e784638483668786e3867322f6c326d466646346737786645513576314538583668755635644a5a7078654a627a6671486d637470772f564f746879326c357451617776696266354d5152784c6e66304d6e5361517a4e494d475a5a704e5959683633363251306d5a6c4e56675937774b63374d76704e7652635967325a2b4a5577776d727244584d37777953394f306f637a5539423954513754474f58304e5a37546f4a7269314d74705576654c7a444d776c514b4a563779714d777a4672305937776c6b764d6f673342423067573430695655486a38774d396f66454a5533394b6d664b796636754436444c67775a63474243437937684e494d75794571742f516351466730797a30586d584f70416d6e655642667075533833424e5961337642677767314230507a48576564707151776b3339426c59306846695231466c544543566944554d5279514974444e69566d5658706445316c557a5445756f4f7652427a306e524138514174724c736d382b5053726c3369634e31496635494d733942594d754436462b68427158444d505338516c3054575655304a6348543147444c39457932355a6666304d6e6956336874444a50644b67356c3569356a36427a41456c486f306c33465564795962584b756c496435703659317a462b5946394a5564632b68336d576b4757564b7a4e536f65384633677a574773547a4263734549364a364445736867684d4948622f376a2f51334c3677673469676a434455764d4876426d387645494d7467356c724344695836584268365852504d4d6434545430653847745362444e65336f616567556c7731394b62693959584e554a56564647476e556c32486158625942637950714b7a744e593653356e74484f654a6445625445456a414a4c5935307638514c366b3055616b664f494c7a74446349643558366761774a55715643592b5366365759526635394c71446347584c67766158426736777751696c7739423249533761673147584c67346d7347586d583645784c7134357556426c447643444b586d5a59524c6d4c6d58524b42704c78326c68704c767246754f6b6264576558784670306869584c326d574c36773877637a5857616d4a5a555745305a6137793663776237512f4d496c775151585544553776554a55325a7758552f7742486e326779356477594d4746334267793563554a6350515a634a6f515853444c795450526c742b677a57457544426c7774336d6d66554857554f6b4438774651413269362b67306c727a42784d4a647763787778574559776d68695856396b6c4c46783568764b75593051325a346d38753063734e59586371495869426774773467346434474941655965715642686d4a55353771663657645a63477379344f5958437a427144554d7767494e4d474273766543792f774479444c5a654a764237525952637230554b5761563367745334533864595334537645477958526a3851623168476b5748736a6e396c6f51735a6869666844737847446c4d764d474c4853566a726374475756346c435868673439426c31467a724e59447979676276366d74673350664d7a4857444c6161656651783658582b4e5a6a77736e2b79367939396f5148655a6378545761513779344e396f4f57584470444442394732454872467a36584c674a654f766f2b49596847586a45326c31637235686e326c7730306d732b4858704c7a5678667a4651777665494245707663627562316374716b78425957756449767845753676736253757064442f454659376f424d41636e5a6931427a69476e535679706f46685270626c3256694255716e4a336d59394335615954643053785158354873314c414e7866584549556339597351467754417137336c41346c2f6548346764313970656b4a66614431394e48306643334a742f7049505430493675646872542f7550434b61614362482b73636367415132346c4d41502f414145464441582b59593867453450736e4a39383576766e4639383576766e4a39383550766d626e2b5a792f664f4837357a66664f543735333350764b4e3350764f443735667a2f414c6e5039383450766e4a3938347676674a5848377a6b2b2b636e327a682b32636e32782b6d3552332b475776375546667a4d565854763938347676692f482b3448782f754c3638666d61706d3646475337586a4d484a39733466746e63382b38355074674349684e5038413368375941372b796b764132425165313150324c2f77425948707965594670776559467077655942566165577343305844764f5437707966644b4f4c397a672b3663483354682b3663503354682b36635033536b47676a75487638412f5a682f2f396b3d, '24203628_144997679598849_2115438617_n.jpg', '', '', '', 0, 0, '0000-00-00', '', '');

--
-- Indexes for dumped tables
--

--
-- Indexes for table `member`
--
ALTER TABLE `member`
  ADD PRIMARY KEY (`id`),
  ADD KEY `project_id` (`project_id`),
  ADD KEY `member_id` (`user_id`);

--
-- Indexes for table `project`
--
ALTER TABLE `project`
  ADD PRIMARY KEY (`id`);

--
-- Indexes for table `task`
--
ALTER TABLE `task`
  ADD PRIMARY KEY (`id`);

--
-- Indexes for table `user`
--
ALTER TABLE `user`
  ADD PRIMARY KEY (`id`);

--
-- AUTO_INCREMENT for dumped tables
--

--
-- AUTO_INCREMENT for table `member`
--
ALTER TABLE `member`
  MODIFY `id` int(11) NOT NULL AUTO_INCREMENT, AUTO_INCREMENT=11;
--
-- AUTO_INCREMENT for table `project`
--
ALTER TABLE `project`
  MODIFY `id` int(11) NOT NULL AUTO_INCREMENT, AUTO_INCREMENT=4;
--
-- AUTO_INCREMENT for table `task`
--
ALTER TABLE `task`
  MODIFY `id` int(11) NOT NULL AUTO_INCREMENT;
--
-- AUTO_INCREMENT for table `user`
--
ALTER TABLE `user`
  MODIFY `id` int(11) NOT NULL AUTO_INCREMENT, AUTO_INCREMENT=11;
--
-- Constraints for dumped tables
--

--
-- Constraints for table `member`
--
ALTER TABLE `member`
  ADD CONSTRAINT `member_id` FOREIGN KEY (`user_id`) REFERENCES `user` (`id`) ON DELETE CASCADE ON UPDATE CASCADE,
  ADD CONSTRAINT `project_id` FOREIGN KEY (`project_id`) REFERENCES `project` (`id`) ON DELETE CASCADE ON UPDATE CASCADE;
COMMIT;

/*!40101 SET CHARACTER_SET_CLIENT=@OLD_CHARACTER_SET_CLIENT */;
/*!40101 SET CHARACTER_SET_RESULTS=@OLD_CHARACTER_SET_RESULTS */;
/*!40101 SET COLLATION_CONNECTION=@OLD_COLLATION_CONNECTION */;
